skills	frequency	median	mean	std
(home) house design	39	33.0	34.76923076923077	16.104039275028484
(video) game design	2	41.5	41.5	33.23401871576773
(video) game development	12	15.5	20.75	13.239918978054757
(video) game programming	1	26.0	26.0	
(video) game reviews	8	26.0	25.375	9.07016301633312
(video) game testing	1	10.0	10.0	
.net framework	32	17.5	27.84375	26.843764669153675
2d animation	22	24.5	26.318181818181817	19.47498117521277
2d design	4	23.0	24.0	12.54325848148452
3d animation	29	20.0	22.75862068965517	12.26975134342814
3d banner	1	10.0	10.0	
3d design	66	30.0	30.560606060606062	15.141515814656774
3d logo	12	11.5	15.5	7.0
3d modeling	57	23.0	24.75438596491228	12.294424842403721
3d printing	1	23.0	23.0	
3d rendering	37	29.0	28.594594594594593	17.512629505365325
3d rigging	1	53.0	53.0	
3d visualizer	4	34.0	30.5	11.818065267490557
A# .NET programming language	1	10.0	10.0	
ActionScript programming language	11	33.0	30.272727272727273	16.607774740108376
Afrikaans <=> English translation	1	11.0	11.0	
Afrikaans translation	1	11.0	11.0	
Albanian <=> English translation	3	10.0	24.333333333333332	24.826061575153908
Arabic <=> English	1	10.0	10.0	
Arabic <=> English translation	32	11.0	15.375	8.635074761056343
Arabic translation	3	10.0	10.333333333333334	0.5773502691896257
Armenian <=> English translation	1	100.0	100.0	
Bahasa <=> English	1	11.0	11.0	
Bahasa <=> English translation	1	11.0	11.0	
Bash (Bourne shell) programming language	1	30.0	30.0	
Bengali <=> English translation	3	15.0	16.0	6.557438524302
Bosnian <=> English translation	1	17.0	17.0	
Bulgarian <=> English translation	7	23.0	23.285714285714285	9.411239481143202
C# programming language	52	20.0	30.923076923076923	28.677959121362104
C++ programming language	17	20.0	28.41176470588235	25.53443465090184
Catalan <=> English translation	1	23.0	23.0	
Classified advertising	1	10.0	10.0	
ColdFusion programming language	1	40.0	40.0	
Copywriting	1711	26.0	33.58562244301578	31.902292409813228
Croatian <=> English translation	5	15.0	15.0	3.6742346141747673
Czech <=> English translation	4	21.0	33.5	31.38470965295043
Danish <=> English translation	4	29.5	30.0	3.7416573867739413
DevExpress ASP.NET	3	15.0	15.0	5.0
Django-cms	8	19.0	24.0	15.175167685588
DotNetNuke	7	33.0	36.0	22.810816147900834
Dutch <=> English	1	17.0	17.0	
Dutch <=> English translation	13	26.0	32.30769230769231	18.758929497640207
Dutch translation	2	17.5	17.5	0.7071067811865476
EmailVerify.NET	1	10.0	10.0	
English grammar	15	13.0	15.666666666666666	7.603257447273755
English interpretation	2	25.0	25.0	21.213203435596427
English translation	41	12.0	16.26829268292683	11.031827569002116
Enterprise resource planning development	3	15.0	32.666666666666664	35.019042438840806
Essential Studio for ASP.NET MVC	6	15.0	15.333333333333334	4.0824829046386295
Extensible Markup Language (XML)	11	40.0	36.27272727272727	20.10020352678504
File Transfer Protocol (ftp)	4	24.0	30.25	15.370426148939398
Filipino <=> English translation	2	16.0	16.0	8.48528137423857
Finnish <=> English translation	2	23.5	23.5	3.5355339059327378
Finnish translation	1	40.0	40.0	
French <=> English	9	16.0	25.11111111111111	17.673740722074402
French <=> English translation	80	20.5	26.1125	19.192557728241923
French grammar	5	30.0	29.2	19.33132173442882
French translation	11	21.0	26.363636363636363	18.516331857431847
French vocabulary	2	11.0	11.0	1.4142135623730951
German <=> English	3	25.0	28.0	6.082762530298219
German <=> English translation	66	25.5	33.04545454545455	23.79620643210679
German translation	11	25.0	33.90909090909091	17.637769391023035
Google Web Toolkit (GWT)	1	15.0	15.0	
Greek <=> English translation	8	21.0	27.875	17.56162618568435
Greek translation	1	10.0	10.0	
Hindi <=> English interpretation	1	10.0	10.0	
Hindi <=> English translation	11	10.0	14.636363636363637	7.060775131283069
Hindi translation	1	10.0	10.0	
Hungarian <=> English translation	4	20.5	22.5	13.178264933847197
Hungarian interpretation	1	40.0	40.0	
Hungarian translation	2	27.5	27.5	17.67766952966369
Information Technology Infrastructure Library (ITIL)	3	60.0	58.666666666666664	37.018013633004855
Information Technology management (IT Management)	1	20.0	20.0	
Information Technology support (IT support)	65	20.0	25.615384615384617	18.525904420982656
Information Technology training (IT training)	1	40.0	40.0	
International Organization for Standardization (ISO)	4	26.5	29.75	12.446552400832395
Italian <=> English	5	16.0	25.6	17.4441967427566
Italian <=> English translation	37	21.0	30.7027027027027	24.733990180928554
Italian grammar	2	16.0	16.0	2.8284271247461903
Italian translation	7	23.0	117.0	240.8055924046062
Italian vocabulary	1	14.0	14.0	
JScript .NET programming language	1	20.0	20.0	
Japanese <=> English	1	10.0	10.0	
Japanese <=> English translation	2	37.0	37.0	22.627416997969522
Java programming language	58	15.5	22.689655172413794	17.912268555135295
JavaScript programming language	316	20.0	27.800632911392405	20.402492835040178
Julia programming language	1	30.0	30.0	
Kiswahili translation	1	38.0	38.0	
LaTeX programming language	1	10.0	10.0	
Latin <=> English translation	1	24.0	24.0	
Lithuanian <=> English translation	1	11.0	11.0	
MATLAB programming language	7	23.0	25.571428571428573	19.251468713296855
MODX	2	30.0	30.0	22.627416997969522
Malay <=> English translation	1	12.0	12.0	
Mandarin <=> English translation	8	20.0	19.5	4.242640687119285
Mathematica programming language	3	20.0	16.666666666666668	5.773502691896257
Microsoft SQLServer	55	22.0	30.563636363636363	21.67330123751309
Model-view-viewmodel (MVVM)	1	125.0	125.0	
Moodle	8	19.5	21.125	11.419751060584215
Movable Type Open Source	1	30.0	30.0	
Norwegian <=> English translation	4	23.0	21.5	8.698658900466592
Object-relational mapping (ORM, O/RM, O/R mapping tool)	11	10.0	10.454545454545455	1.507556722888818
Objective-C programming language	4	23.5	23.5	10.785793124908958
Objective-J programming language	1	26.0	26.0	
OctoberCMS	1	12.0	12.0	
PHP programming language	793	18.0	23.896595208070618	16.80366124753911
PL/SQL programming language	1	18.0	18.0	
Perl programming language	5	13.0	20.8	18.088670487352022
Polish <=> English translation	4	16.0	16.25	6.946221994724902
Portuguese <=> English translation	8	20.5	17.75	5.725881092523166
Prepress	9	25.0	35.111111111111114	36.55285366576884
Prestashop	51	25.0	26.431372549019606	18.85020413890607
Python programming language	53	20.0	26.60377358490566	17.216203931003612
R programming language	9	30.0	29.555555555555557	15.403823479181321
Rich Site Summary (RSS)	2	11.5	11.5	2.1213203435596424
Romanian <=> English	1	132.0	132.0	
Romanian <=> English translation	7	20.0	34.714285714285715	40.27287873873386
Romanian translation	2	14.5	14.5	7.7781745930520225
Ruby programming language	1	26.0	26.0	
Russian <=> English	1	20.0	20.0	
Russian <=> English translation	11	20.0	21.90909090909091	17.0379256099711
Russian grammar	1	20.0	20.0	
Russian interpretation	1	10.0	10.0	
Russian translation	1	20.0	20.0	
SAS programming language	6	27.5	33.333333333333336	17.974055376198958
Scala programming language	1	15.0	15.0	
Secure Sockets Layer (SSL)	4	23.0	23.5	5.507570547286102
Serbian <=> English translation	2	20.5	20.5	12.020815280171307
Simple DirectMedia Layer (SDL)	1	14.0	14.0	
Slovenian <=> English translation	2	26.0	26.0	2.8284271247461903
Software as a service (SaaS)	1	12.0	12.0	
Spanish <=> English	4	12.5	58.5	93.67496997597597
Spanish <=> English translation	31	18.0	21.387096774193548	13.027349229869799
Spanish translation	4	14.5	15.5	5.446711546122731
Spanish vocabulary	1	18.0	18.0	
Spring Framework	3	15.0	19.333333333333332	12.096831541082704
Stata programming language	1	24.0	24.0	
Swahili <=> English translation	1	12.0	12.0	
Swedish <=> English	2	30.0	30.0	0.0
Swedish <=> English interpretation	1	30.0	30.0	
Swedish <=> English translation	3	30.0	26.666666666666668	5.773502691896257
Swedish grammar	1	30.0	30.0	
Swedish translation	2	30.0	30.0	0.0
Swedish vocabulary	1	30.0	30.0	
Tamil <=> English translation	1	10.0	10.0	
Turkish <=> English	3	10.0	11.0	1.7320508075688772
Turkish <=> English interpretation	1	13.0	13.0	
Turkish <=> English translation	4	11.5	21.5	21.047565179849187
Turkish grammar	1	53.0	53.0	
Turkish interpretation	2	31.5	31.5	30.405591591021544
TypeScript programming language	1	79.0	79.0	
UNITY programming language	5	15.0	17.8	9.364827814754525
Ukrainian <=> English translation	1	20.0	20.0	
Umbraco	5	53.0	60.8	52.31825685169566
Urdu <=> English translation	1	15.0	15.0	
VBA programming language	26	22.0	25.884615384615383	15.097885740929218
Vietnamese <=> English	1	10.0	10.0	
Vietnamese <=> English interpretation	1	10.0	10.0	
Vietnamese <=> English translation	1	10.0	10.0	
Vietnamese interpretation	1	10.0	10.0	
Visual Basic .NET programming language	1	10.0	10.0	
Visual Basic programming language	9	30.0	30.0	7.44983221287567
WebUI Studio 2013 for ASP.NET	1	10.0	10.0	
a/b testing	17	36.0	36.588235294117645	19.394131920278785
about me writing	2	16.0	16.0	5.656854249492381
about us writing	59	29.0	30.322033898305083	19.520493809085757
above the line marketing (atl marketing)	1	53.0	53.0	
academic researcher	28	14.0	23.178571428571427	19.442324147435876
academic writing	309	20.0	26.36569579288026	19.667502067687252
account management	39	25.0	31.384615384615383	20.129338871428683
accountant	19	11.0	14.210526315789474	6.124440540149326
accounts payable management	4	20.0	20.25	4.5
accounts receivable management	2	19.0	19.0	9.899494936611665
acquia drupal	1	20.0	20.0	
acquisition regulations	1	165.0	165.0	
acrylic painting	2	26.0	26.0	19.79898987322333
acting	3	33.0	46.666666666666664	35.52933060632206
active server page (asp)	70	19.5	26.514285714285716	21.9741236867649
activex data objects (ado)	1	23.0	23.0	
ad design	66	26.0	31.96969696969697	21.894832335135224
administration support	552	15.0	18.672101449275363	10.839837995648438
administrative assistant	83	13.0	16.91566265060241	9.636319532306405
adobe acrobat	6	16.0	23.833333333333332	16.785906787143393
adobe after effects	19	26.0	31.36842105263158	19.169450598734173
adobe analytics	3	45.0	38.333333333333336	25.658007197234422
adobe animation	1	25.0	25.0	
adobe business catalyst	2	30.5	30.5	21.920310216782973
adobe captivate	2	17.5	17.5	3.5355339059327378
adobe creative suite	55	33.0	37.0	23.298386528144277
adobe digital marketing suite	3	33.0	33.0	13.0
adobe dreamweaver	51	26.0	32.15686274509804	24.82689875841895
adobe flash	37	26.0	28.594594594594593	18.01767567242336
adobe flex	1	46.0	46.0	
adobe framemaker	1	15.0	15.0	
adobe graphics	3	10.0	10.0	0.0
adobe illustrator	149	20.0	24.496644295302012	18.62126950163036
adobe indesign	101	26.0	32.53465346534654	18.165662309112566
adobe livecycle	1	10.0	10.0	
adobe muse	1	15.0	15.0	
adobe photoshop	588	20.0	25.33503401360544	17.569380515128667
adobe photoshop lightroom	8	18.0	27.5	18.306907361508582
adobe photoshop touch	3	10.0	11.0	1.7320508075688772
adobe portable document format (pdf)	54	11.5	17.703703703703702	12.930335298414345
adobe premiere / premiere elements	12	28.5	32.5	23.670080846349624
advertisement posting	3	10.0	12.666666666666666	4.618802153517006
advertising marketing	274	33.0	36.777372262773724	24.862362488862146
advertorial writing	24	33.0	40.916666666666664	20.071430413415474
advice/consult and guidance	155	33.0	41.193548387096776	31.960019012029182
adwords	409	33.0	36.15892420537897	24.41595578467173
adwords application programming interface (API)	11	33.0	39.36363636363637	27.023222336622727
affiliate marketing	129	20.0	27.666666666666668	22.260999153976297
agile software	16	27.5	35.4375	29.108919022640926
agile software development	8	27.5	27.625	7.836498853806736
ajax	67	20.0	27.223880597014926	21.735197607011305
album cover design	1	20.0	20.0	
algorithm development	1	10.0	10.0	
alm/tfs	1	66.0	66.0	
amazon appstore	2	10.5	10.5	0.7071067811865476
amazon cloud	1	80.0	80.0	
amazon ec2	6	21.0	23.166666666666668	12.624051119457125
amazon kindle design	7	20.0	19.285714285714285	9.19627253681776
amazon kindle publishing	2	46.5	46.5	19.091883092036785
amazon listing	71	10.0	23.323943661971832	33.955758883703496
amazon marketplace web service (mws)	8	17.5	22.375	15.117988339345
amazon mws	1	20.0	20.0	
amazon s3	7	11.0	12.0	2.160246899469287
amazon seller	20	23.5	36.6	29.587337263021652
amazon store management	67	16.0	30.83582089552239	39.275096981121855
amazon web services	78	15.0	23.628205128205128	24.570655591927462
amazon webstore	10	13.0	21.4	18.833775806011687
amplitube	1	18.0	18.0	
analysis	26	28.0	34.15384615384615	23.264895972588928
android application development	259	15.0	18.401544401544403	11.495573698595583
android design	29	15.0	18.20689655172414	11.069195706827985
android studio	11	20.0	21.727272727272727	10.306220539954586
android wear	1	45.0	45.0	
angular js	57	16.0	22.912280701754387	14.687556324213444
animal care	1	20.0	20.0	
animation	37	26.0	30.7027027027027	20.728221321646465
anime/ manga	1	33.0	33.0	
ansys	1	15.0	15.0	
antispam/antivirus	2	14.0	14.0	5.656854249492381
apache administration	1	33.0	33.0	
apache http server	6	17.5	23.0	15.748015748023622
apache solr	1	15.0	15.0	
apache subversion (svn)	1	33.0	33.0	
app reviews	13	16.0	17.76923076923077	7.485027790572392
appcelerator titanium	1	10.0	10.0	
apple swift (apple programming language)	7	20.0	17.857142857142858	9.063269671749657
apple xcode	3	20.0	19.0	1.7320508075688772
applicant tracking systems	1	66.0	66.0	
application design	4	19.5	18.5	6.244997998398398
application programming interface development (API Development)	27	20.0	30.555555555555557	28.04163571073081
applications builder	1	25.0	25.0	
applications developer	23	15.0	20.47826086956522	14.38708248021433
appointment making	15	20.0	25.4	22.718148817944776
appointment marketing	68	24.0	23.897058823529413	12.322942692129304
appointment setting	80	12.5	20.8875	24.28991234591331
arcgis	4	18.5	31.5	32.2335229225724
archicad	10	31.5	32.9	14.1692154569922
architectural design	98	28.0	29.806122448979593	15.370113028221867
architectural photography	1	53.0	53.0	
architectural rendering	29	29.0	30.586206896551722	17.676694183058647
architectural technology	6	33.0	31.833333333333332	8.70440501508671
architectural visualization	7	14.0	26.571428571428573	20.443883705215626
arduino	1	59.0	59.0	
art direction	9	36.0	45.666666666666664	26.291633650269812
article	1035	24.0	27.508212560386472	17.91740884834412
article curation	7	15.0	20.714285714285715	13.098527725337249
article rewriting	145	15.0	19.579310344827586	15.417643647204454
article spinning	7	13.0	19.714285714285715	14.279522467672436
article submission	77	13.0	18.766233766233768	14.268013641023186
artificial intelligence (AI)	4	17.5	18.25	3.947573094109004
artificial neural networks	1	15.0	15.0	
artlantis render	2	28.0	28.0	7.0710678118654755
arts & crafts	2	20.0	20.0	0.0
artwork	23	20.0	25.608695652173914	13.783188476727009
asana	4	14.0	15.25	6.3966136874651625
aspx	1	12.0	12.0	
asterisk framework	2	50.0	50.0	14.142135623730951
astrology	2	20.0	20.0	14.142135623730951
atlassian confluence	1	30.0	30.0	
atlassian jira	5	30.0	32.0	12.103718436910205
audio/sound editing	25	23.0	28.6	18.896648732866186
audio/sound effects	1	35.0	35.0	
audio/sound mixing	3	20.0	21.666666666666668	2.886751345948129
audio/sound production	1	10.0	10.0	
audio/sound recording	4	33.0	39.0	14.071247279470288
audio/sound transcription	27	13.0	15.518518518518519	7.073082074208529
audio/sound typing	15	20.0	18.2	6.603029607687672
audit	42	22.5	28.761904761904763	19.95337189404157
augmented reality	5	16.0	28.0	20.248456731316587
autodesk 3d studio max	21	20.0	21.666666666666668	10.47536793307678
autodesk autocad	96	26.0	28.927083333333332	15.183956069806861
autodesk autocad architecture	12	19.5	21.583333333333332	11.081994678784413
autodesk autocad civil3d	2	21.5	21.5	16.263455967290593
autodesk inventor	1	16.0	16.0	
autodesk maya	1	16.0	16.0	
autodesk revit architecture	37	26.0	29.324324324324323	14.61744401972074
autodesk sketchbook pro	3	33.0	27.666666666666668	15.69500982265807
automated testing	1	20.0	20.0	
automotive writing	16	26.0	28.1875	10.49583250628553
avid	1	33.0	33.0	
aweber	15	15.0	20.866666666666667	13.778174597460117
axure rp	3	33.0	28.666666666666668	7.505553499465135
back end developer	13	12.0	19.076923076923077	14.355379586654024
backbone js	2	13.5	13.5	2.1213203435596424
background removal	16	11.0	13.125	4.333974311568232
bank reconciliation	2	16.0	16.0	5.656854249492381
banking	3	20.0	50.0	60.8276253029822
banner	48	18.0	22.9375	14.154777029891974
banner ad design	9	15.0	19.0	10.735455276791944
banner animation	8	23.0	24.375	12.35125788851368
banner design	24	12.0	22.083333333333332	20.222494291316266
basecamp	4	12.5	14.5	5.802298395176403
bbpress	2	47.0	47.0	8.48528137423857
beauty writing	46	34.0	47.56521739130435	51.615954542031126
behavioral event interviewing	1	13.0	13.0	
bentley microstation	2	21.0	21.0	16.97056274847714
bid management	7	40.0	33.857142857142854	13.957418235817247
bid writing	9	26.0	29.0	13.076696830622021
big data	4	12.5	28.5	34.43351080948132
bigcommerce	37	14.0	17.405405405405407	9.543640871338416
bing advertisement (bing ads)	68	33.0	35.01470588235294	24.524427449040445
bing analytics	2	84.5	84.5	57.27564927611035
bing ranking	8	16.0	35.375	39.73101523279479
biochemistry	1	13.0	13.0	
biography	7	26.0	23.714285714285715	10.499433091271891
biography writing	15	26.0	31.0	18.031718086273898
bioinformatics	1	15.0	15.0	
biology	1	13.0	13.0	
biostatistics	3	20.0	22.666666666666668	9.29157324317757
biotechnology	2	15.0	15.0	0.0
bitcoin	17	20.0	26.176470588235293	27.789915648751183
biz talk server	1	10.0	10.0	
blackberry	4	9.5	9.75	0.9574271077563381
blog commenting	40	15.0	18.675	11.545645199681266
blog design	43	20.0	23.46511627906977	15.681880410220039
blog development	135	26.0	31.31111111111111	22.870977067886738
blog outreach	93	15.0	20.13978494623656	12.180340001902445
blog writing	1653	25.0	28.66787658802178	19.55696751435768
bluebeam	2	20.0	20.0	0.0
book coach	1	40.0	40.0	
book cover design	2	22.5	22.5	14.849242404917497
book design	9	20.0	20.333333333333332	10.087120500916008
book editing	7	30.0	31.142857142857142	11.596386957849866
book illustration	2	40.0	40.0	0.0
book magazine design	14	20.0	27.071428571428573	16.545807211004735
book reviews	21	16.0	21.238095238095237	14.563326412275329
book writing	70	23.5	26.52857142857143	14.860434218958188
bookkeeping	116	17.0	19.146551724137932	8.979449300771593
booklet design	2	28.5	28.5	6.363961030678928
bookmarking	18	10.0	16.77777777777778	12.923100864255158
bootstrap	151	15.0	21.39072847682119	14.62371293934787
bpo call center	11	10.0	11.636363636363637	3.2333489534143163
bpo it services	1	15.0	15.0	
bpr	2	30.0	30.0	4.242640687119285
brand consulting	20	39.0	47.05	25.80998378840821
brand design	193	33.0	40.15025906735751	26.538753354670497
brand development	23	30.0	45.65217391304348	35.71682656122662
brand identity	16	36.5	37.1875	17.69451421580523
brand management	11	24.0	29.727272727272727	19.779236128278104
brand marketing	379	33.0	42.224274406332455	67.74660882345286
brand name	8	28.0	31.0	19.935610635959247
brand research	3	15.0	15.0	5.0
brand strategy	30	40.0	70.2	117.8562537658657
broadcast advertising	1	33.0	33.0	
broadcast news	2	22.0	22.0	2.8284271247461903
brochure	59	25.0	28.508474576271187	17.902391365358998
brochure design	20	22.5	23.2	12.168120557207546
brochure writing	51	33.0	36.68627450980392	16.46145825384669
buddypress	5	20.0	27.8	18.376615575235828
budgeting & forecasting	40	33.0	38.55	25.073174959787252
bug fixing	4	17.5	20.0	9.273618495495704
building design	9	33.0	34.22222222222222	8.058811602491055
building estimation	11	30.0	28.727272727272727	9.880191385706139
building information modeling (bim)	6	33.0	35.333333333333336	5.5377492419453835
building regulations	12	36.5	36.416666666666664	8.999579114737768
bulk marketing	8	10.5	35.75	66.46320141895922
business activity monitoring	1	26.0	26.0	
business advice/ business consulting	348	40.0	51.50574712643678	41.27049271793138
business analysis	330	26.0	36.666666666666664	31.315888998218355
business card	73	16.0	21.17808219178082	13.14485795721555
business card design	6	17.5	21.666666666666668	12.909944487358057
business coaching	17	66.0	68.17647058823529	43.923563286289806
business data	416	15.5	22.97596153846154	19.242257689806745
business development	585	30.0	44.3982905982906	78.54747493707707
business information technology (business IT)	2	73.5	73.5	19.091883092036785
business intelligence (BI)	3	25.0	23.333333333333332	2.886751345948129
business it alignment	1	33.0	33.0	
business letter	27	33.0	37.48148148148148	24.73765483936517
business logo	118	20.0	24.728813559322035	18.79973677618471
business management	1	18.0	18.0	
business mathematics	1	11.0	11.0	
business modeling	5	73.0	100.2	101.17163634141737
business planning	211	30.0	45.37914691943128	41.97208075707365
business process improvement	6	39.5	44.333333333333336	18.88562063228706
business process reengineering	1	33.0	33.0	
business proposal writing	115	30.0	35.80869565217391	24.837682058479988
business setup	63	33.0	52.492063492063494	50.14619691490235
business strategy	398	40.0	50.12562814070352	42.52768304494375
business support	150	20.0	32.586666666666666	36.815189939627196
business to business (b2b)	50	29.5	38.92	38.274966508469866
business to business database (b2b database)	33	15.0	21.12121212121212	13.706197448046941
business to business marketing (b2b marketing)	30	24.5	34.233333333333334	29.946715130819218
business to business sales (b2b sales)	249	20.0	29.95983935742972	25.235631363147437
business to consumer (b2c)	1	35.0	35.0	
business to consumer database (b2c database)	6	30.5	34.166666666666664	17.92670261555835
business to consumer marketing (b2c marketing)	2	14.0	14.0	8.48528137423857
business to consumer sales (b2c sales)	68	20.0	27.352941176470587	22.604823620675774
business valuation	22	35.0	54.95454545454545	57.56112880914992
business writing	645	26.0	34.37674418604651	26.47832381855691
buzzstream	1	10.0	10.0	
cakephp	33	14.0	17.96969696969697	11.775198640800207
calendar management	7	16.0	14.428571428571429	4.7559486560567095
call center	62	13.5	18.580645161290324	11.256398380253614
call center management	5	10.0	11.4	2.1908902300206643
call distribution	1	23.0	23.0	
call handling	15	15.0	18.866666666666667	9.920157448827302
call marketing	96	20.0	28.041666666666668	51.49632928495546
calligraphy	2	31.0	31.0	21.213203435596427
campaign manager	32	24.0	31.6875	25.028290444627757
captcha	1	20.0	20.0	
career advice / career consultant	4	59.0	53.5	31.680698645494967
career coaching	4	62.0	66.25	13.671747023210555
caricature	2	26.0	26.0	19.79898987322333
cartography & maps	2	18.5	18.5	7.7781745930520225
cartoon & comics	8	14.0	21.0	14.432107063270916
cascading style sheets (css)	593	25.0	28.76222596964587	19.508551220230707
catalog design	3	40.0	30.0	17.320508075688775
catering	2	37.5	37.5	6.363961030678928
central reservation system	1	10.0	10.0	
certified public accountant (cpa)	2	11.0	11.0	1.4142135623730951
change management	5	50.0	71.8	73.3430296619931
chaos group v-ray	2	25.0	25.0	14.142135623730951
character animation	1	25.0	25.0	
character design	2	49.5	49.5	4.949747468305833
chat support	19	10.0	12.526315789473685	3.761920624312231
chemical engineering	3	10.0	10.666666666666666	1.1547005383792517
chemistry	6	16.5	30.0	27.09243436828813
chief financial officer (CFO)	5	21.0	24.8	21.51046257057249
children writing	14	29.5	33.42857142857143	16.080156360291667
childrens book illustration	1	40.0	40.0	
christian theology	1	86.0	86.0	
circuit design	1	10.0	10.0	
cisco asa	1	40.0	40.0	
cisco certified entry networking technician (ccent)	1	10.0	10.0	
cisco ios	1	40.0	40.0	
cisco router	2	25.0	25.0	21.213203435596427
civicrm	1	20.0	20.0	
civil 3d	2	36.5	36.5	4.949747468305833
civil engineering	27	30.0	33.81481481481482	23.244580902019752
classified posting	7	10.0	10.0	0.0
clipping path	5	15.0	14.6	0.8944271909999159
clothing industry	3	93.0	93.0	0.0
cloud computing	4	22.5	35.0	30.822070014844883
clustering	1	66.0	66.0	
cnc programming	1	38.0	38.0	
cocoa touch	1	30.0	30.0	
code igniter	97	14.0	17.711340206185568	10.37320141326377
cognos	3	25.0	24.0	9.539392014169456
cold calling	195	18.0	24.8	49.32080968558036
collection agency	3	10.0	10.0	0.0
color correction	1	10.0	10.0	
comedy writing	1	13.0	13.0	
comic art	1	24.0	24.0	
commercial contracts	7	79.0	79.71428571428571	32.99350585450762
commercial item transport and distribution	1	86.0	86.0	
commercial lending	1	99.0	99.0	
commercial management	6	56.0	56.833333333333336	28.554626011675705
commercial photography	1	46.0	46.0	
commissioning editor	1	33.0	33.0	
communications consultant	14	49.5	44.785714285714285	17.533171074055254
communications strategy	35	26.0	32.714285714285715	17.02864615628519
community management	100	20.0	28.24	20.87534914726463
company management	1	23.0	23.0	
company profile writing	35	26.0	33.142857142857146	22.676941978119352
competition analysis	85	26.0	32.305882352941175	25.62644817251067
compiler	6	10.0	10.166666666666666	1.4719601443879744
complaint management	6	20.0	22.166666666666668	11.822295321411435
computer analysis	1	26.0	26.0	
computer assembly	1	15.0	15.0	
computer engineering	1	10.0	10.0	
computer generated interface (cgi)	2	45.5	45.5	10.606601717798213
computer graphics	4	14.0	14.5	4.203173404306164
computer hardware design	6	18.0	28.5	28.71759042816789
computer hardware installation	1	15.0	15.0	
computer maintenance	1	20.0	20.0	
computer networking	3	10.0	16.666666666666668	11.547005383792515
computer operator	3	16.0	16.0	4.0
computer software	4	15.0	19.75	13.671747023210555
computer-aided design (cad)	35	30.0	29.457142857142856	14.074053843745187
concept art	4	23.0	34.0	24.166091947189145
concept generation	3	33.0	36.333333333333336	28.148416178061126
concrete5 content management system (concrete5 cms)	2	22.0	22.0	5.656854249492381
conference production	3	20.0	25.0	13.228756555322953
conflict resolution	1	10.0	10.0	
construction design	6	36.5	36.0	9.528903399657276
construction estimator	8	29.0	36.625	23.095686053583997
construction management	5	33.0	31.6	9.710818709048173
construction monitoring	3	26.0	26.333333333333332	6.506407098647712
consumer insight	1	40.0	40.0	
consumer protection	1	41.0	41.0	
contao content management system (contao cms)	1	29.0	29.0	
content development	17	25.0	26.11764705882353	14.598297644507973
content editing	86	20.0	26.325581395348838	21.321870495402333
content management	20	20.0	24.4	15.729288805149123
content management system (cms)	235	26.0	29.472340425531915	17.776938173481568
content marketing	173	21.0	35.54913294797688	59.488362765135896
content moderation	2	14.5	14.5	7.7781745930520225
content strategy	23	33.0	49.47826086956522	40.1835216851356
content writing	2294	20.0	27.407149084568438	20.742116054938844
continuous integration	1	15.0	15.0	
contract drafting	4	89.0	94.0	54.80875842417888
contract law	5	79.0	90.6	46.70438951533357
conversion optimization	165	36.0	42.67878787878788	29.92449601808588
conversion rate optimization	27	33.0	38.148148148148145	28.287947560895564
conversion tracking	35	35.0	35.714285714285715	20.954532611699786
cooking	4	17.5	17.0	5.715476066494082
copy editing	84	26.0	29.011904761904763	15.212149589172153
copy typing	318	16.0	19.81761006289308	14.207500283361886
copyscape	3	26.0	26.333333333333332	6.506407098647712
coreldraw	11	20.0	22.818181818181817	12.734348682348712
corona sdk	1	33.0	33.0	
corporate brand identity	6	36.5	37.0	19.05780679931455
corporate finance	29	27.0	45.89655172413793	50.05592931025554
corporate identity design	2	15.0	15.0	0.0
corporate law	2	135.5	135.5	41.71930009000631
corporate photography	1	46.0	46.0	
corporate strategy	2	51.5	51.5	2.1213203435596424
corporate tax	4	33.0	35.25	14.127396551853895
corporate training	4	63.0	66.25	27.657126869338157
cosmetics	3	50.0	51.0	41.50903516103452
cost accounting	11	20.0	26.09090909090909	17.637769391023035
cost management	4	43.0	50.0	35.317606562921746
counseling psychology	10	22.0	48.1	54.655385014755055
counselling	5	24.0	49.2	62.4955998451091
cover design	7	20.0	19.428571428571427	7.207800007795787
cover letter	10	25.5	23.8	11.525816432879905
cover letter writing	33	21.0	23.21212121212121	11.599454663252427
covers and packaging	1	10.0	10.0	
cpanel	16	17.0	19.25	13.969013327122761
creative consultant	5	29.0	42.6	31.659121908227334
creative director	2	49.5	49.5	23.33452377915607
creative professional	2	43.0	43.0	24.041630560342615
creative thinking	13	33.0	36.76923076923077	22.989685535597065
creative writing	905	25.0	27.939226519337016	19.771416568315992
credit control	16	23.0	25.0	9.973297682645729
credit management	1	100.0	100.0	
criminal law	1	12.0	12.0	
crm development	57	20.0	28.56140350877193	22.561042231386743
crowdfunding	10	21.5	29.5	21.53163047962488
cryptocurrency	27	20.0	26.22222222222222	23.92670431729325
crystal reports	3	40.0	52.333333333333336	41.88476254359494
cs cart	3	32.0	25.0	13.0
css flexbox	36	17.0	23.055555555555557	16.73993419417761
cubecart	1	50.0	50.0	
curriculum development	1	10.0	10.0	
custom content management system (custom cms)	9	10.0	13.0	4.301162633521313
custom web development	5	40.0	30.6	19.53970317072396
custom website	296	20.0	26.804054054054053	20.30201084931938
customer information	2	12.5	12.5	3.5355339059327378
customer relationship management (CRM)	147	20.0	25.789115646258505	17.371931104757817
customer segmentation	5	33.0	47.0	39.528470752104745
customer service	429	16.0	20.177156177156178	18.05576357941785
customer support	62	10.0	14.016129032258064	6.912786763349262
d3 js	2	27.5	27.5	17.67766952966369
dancing	1	8.0	8.0	
data analysis	154	17.0	26.24025974025974	24.578819511106406
data backup	2	29.0	29.0	5.656854249492381
data center	1	26.0	26.0	
data center operations	1	25.0	25.0	
data cleansing	23	20.0	21.956521739130434	14.360546523119787
data encoding	2	10.5	10.5	2.1213203435596424
data entry	1278	11.0	15.310641627543037	9.685002625735597
data entry clerk	77	10.0	13.844155844155845	10.616601863745657
data extraction	15	13.0	16.6	14.029560628493375
data interpretation	1	60.0	60.0	
data management	1	12.0	12.0	
data mining	329	10.0	15.124620060790274	12.889763685120641
data modeling	1	10.0	10.0	
data processing	5	10.0	15.6	10.114346246792225
data protection	3	69.0	67.0	53.028294334251406
data recovery	1	20.0	20.0	
data research	939	12.0	17.02768903088392	12.251594913152665
data science	2	41.5	41.5	16.263455967290593
data scraping	340	10.0	14.191176470588236	11.127919858704304
data scraping development	18	19.5	21.833333333333332	13.844727176374237
data visualization	14	28.0	33.857142857142854	19.95709684011465
data warehousing	11	21.0	32.18181818181818	30.889539270821707
database administration	108	20.0	21.89814814814815	13.296714382170679
database design	8	37.5	38.375	18.392059622099346
database development	154	20.0	25.441558441558442	20.721302547251515
database management	155	20.0	24.580645161290324	25.132601833191472
database management system (dbms)	6	11.0	16.666666666666668	9.912954487269003
database modeling	2	66.5	66.5	47.37615433949868
database programming	22	26.0	33.27272727272727	22.20506552714797
database testing	7	11.0	19.714285714285715	14.314494818356735
decorator	2	34.0	34.0	1.4142135623730951
derivatives	2	46.5	46.5	9.192388155425117
desktop application engineering	2	17.5	17.5	10.606601717798213
desktop development	2	10.0	10.0	0.0
desktop support	1	11.0	11.0	
developer operations (devops)	1	15.0	15.0	
development	10	26.0	32.5	21.3814561399982
development specification	4	62.5	73.75	55.584020485507644
developmental editing	2	27.5	27.5	10.606601717798213
dialux	1	28.0	28.0	
diary management	27	23.0	28.703703703703702	34.490594944145855
dietologist	2	11.5	11.5	2.1213203435596424
digital mapping	4	16.5	30.5	32.60368077380221
digital marketing	713	20.0	29.349228611500703	46.681866804023784
digital marketing consultant	81	26.0	33.08641975308642	25.526063900876004
digital photography	11	15.0	22.636363636363637	17.454356059578522
digital publishing	3	20.0	230.66666666666666	373.5790857814893
digital scrapbooking	1	10.0	10.0	
digital sculpting	1	26.0	26.0	
digital strategy	35	40.0	49.51428571428571	39.28730630846037
digital strategy management	9	20.0	28.11111111111111	17.602872240379156
digital typography	4	34.0	33.25	6.238322424070967
direct mail	27	35.0	38.074074074074076	23.443755812789185
direct marketing	31	46.0	47.354838709677416	21.838114062492934
director of public relations	3	55.0	61.0	12.165525060596439
director of special events	2	39.5	39.5	9.192388155425117
directory submission	18	10.5	13.277777777777779	5.199610342363964
disaster recovery	1	66.0	66.0	
disc jockey (dj)	1	10.0	10.0	
dissertation writing	16	19.0	25.5	18.532853710820323
distance education	1	26.0	26.0	
distributed computing	1	66.0	66.0	
document control	2	19.5	19.5	9.192388155425117
document conversion	8	15.5	18.75	9.808888097755306
document review	1	25.0	25.0	
documentary	2	29.5	29.5	4.949747468305833
documentation	7	19.0	21.285714285714285	13.561148989107151
domain migration	15	20.0	29.266666666666666	20.2923865619831
domain name system (dns)	9	10.0	20.77777777777778	22.681367781605335
domain registration	3	26.0	78.66666666666667	105.38184536879838
doodle	3	20.0	20.333333333333332	5.507570547286101
dress design	1	40.0	40.0	
drop shipping	4	10.0	10.0	0.0
dropbox	4	17.5	17.75	4.272001872658765
dropbox application programming interface (dropbox api)	1	13.0	13.0	
drupal (cms)	74	20.0	26.08108108108108	16.598198249105938
drupal design	11	17.0	28.09090909090909	23.067095809635617
drupal migration	1	20.0	20.0	
dwellings roads and drainage design	1	40.0	40.0	
e-commerce design	115	26.0	33.89565217391304	23.858270813152934
e-commerce development	534	23.0	29.574906367041198	22.899015756121408
e-commerce management	28	26.0	31.571428571428573	21.121217296969892
e-commerce platform	5	23.0	44.2	41.05727706509529
e-commerce platform development	6	17.5	31.666666666666668	39.70222495864264
e-commerce website	188	15.0	24.601063829787233	25.999288327079658
e-health	2	48.0	48.0	25.45584412271571
e-learning	18	20.5	33.166666666666664	24.900389791421055
earned value management	1	46.0	46.0	
ebay application programming interface (ebay api)	7	20.0	22.571428571428573	14.022091413874309
ebay consultant	10	12.0	19.0	12.39175353029407
ebay development	23	20.0	35.34782608695652	40.04271434770645
ebay listing	44	10.0	18.59090909090909	18.40414283722387
ebay marketing	10	10.5	15.0	6.9602043392737
ebay store management	45	14.0	21.155555555555555	21.04967669321524
ebay web services	3	10.0	11.0	1.7320508075688772
ebay writing	4	10.0	10.25	0.5
ebook design	19	22.0	31.105263157894736	23.230475043791806
ebook formatting	5	33.0	30.4	19.449935732541636
ebook writing	77	20.0	26.98701298701299	19.630463373953884
econometrics	4	18.5	20.0	9.966610925150702
economic/financial analysis	110	25.0	36.472727272727276	33.734448429496645
editing	807	26.0	29.387856257744733	20.99159707196949
editorial	124	31.5	34.096774193548384	19.742825950239304
editorial writing	7	25.0	27.285714285714285	6.8729975438737965
education writing	61	26.0	32.40983606557377	20.70698517343067
electrical engineering	9	15.0	18.333333333333332	7.88986691902975
electronic engineering	2	35.0	35.0	35.35533905932738
electronic funds transfer	1	234.0	234.0	
electronics design	2	37.5	37.5	31.81980515339464
electronics hardware engineering	1	13.0	13.0	
eloqua	2	62.0	62.0	52.32590180780452
email database	460	11.0	17.469565217391306	19.523550044664006
email deliverability	8	18.0	18.25	8.013381665332416
email design	181	26.0	29.65745856353591	19.744304724673732
email development	111	25.0	30.81981981981982	20.644699164763907
email etiquette	6	11.5	13.5	4.370354676682432
email handling	45	10.0	12.866666666666667	4.61519230368573
email management	249	20.0	23.104417670682732	15.174693112239673
email marketing	1385	20.0	29.62599277978339	46.77816502099202
email support	35	12.0	14.085714285714285	5.601320372552027
email technical support	2	20.0	20.0	0.0
email writing	25	20.0	32.28	30.212469831732285
embedded system	2	35.5	35.5	33.23401871576773
ember js	1	16.0	16.0	
embroidery	2	32.0	32.0	11.313708498984761
employee engagement	3	26.0	37.0	25.357444666211933
employee relations	1	15.0	15.0	
employment contracts	2	40.0	40.0	33.94112549695428
employment law	2	55.0	55.0	12.727922061357855
energy engineering	4	13.0	16.0	8.906926143924924
engineering	3	40.0	33.333333333333336	17.009801096230767
engineering design	11	26.0	28.90909090909091	12.700035790930238
engineering drawing	15	33.0	31.466666666666665	9.395034149308168
enterprise resource planning (erp)	5	15.0	17.0	4.69041575982343
entertainment	3	26.0	28.666666666666668	10.263202878893768
entertainment writing	27	25.0	24.185185185185187	11.609137770397929
entrepreneurship	11	40.0	35.09090909090909	15.443150879626511
environment writing	3	26.0	36.333333333333336	32.74650108535771
environmental consultant	2	36.0	36.0	14.142135623730951
environmental science	3	26.0	22.333333333333332	9.073771725877467
epub design	2	46.0	46.0	28.284271247461902
equestrian	1	42.0	42.0	
erotica writing	1	12.0	12.0	
essay writing	27	15.0	23.48148148148148	28.35403969369386
etabs	3	28.0	26.0	15.0996688705415
etsy administration	11	12.0	13.636363636363637	4.884111531747146
event host	1	30.0	30.0	
event management	242	26.0	32.099173553719005	18.856481306992496
event photography	2	29.5	29.5	23.33452377915607
event planning	23	24.0	31.82608695652174	21.49133477371127
events coordinator	16	26.0	29.4375	12.371843031658623
events organiser	23	33.0	31.565217391304348	15.03579392031659
eviews	1	22.0	22.0	
exacttarget	1	33.0	33.0	
exam preparation	1	13.0	13.0	
exchange trading	1	66.0	66.0	
executive coaching	5	66.0	57.8	31.035463586033316
exhibition design	7	33.0	39.285714285714285	26.58768064169498
exhibition marketing	10	36.5	40.4	26.596574549700527
experience design	1	40.0	40.0	
express js	1	13.0	13.0	
express scribe	1	16.0	16.0	
exterior architecture	4	46.5	44.75	21.86892772862904
exterior design	3	20.0	21.0	11.532562594670797
ez publish	1	40.0	40.0	
facebook ads management	22	20.5	28.09090909090909	18.089484161507677
facebook advertisement (facebook ads)	218	20.0	28.30275229357798	25.19070291054418
facebook app design	2	40.0	40.0	35.35533905932738
facebook application programming interface (facebook api)	3	25.0	22.666666666666668	4.932882862316247
facebook banner	4	35.5	38.0	19.026297590440446
facebook cover	1	61.0	61.0	
facebook cover design	36	20.0	31.0	29.22230068189117
facebook design	38	20.0	28.07894736842105	27.776503368900855
facebook development	40	22.0	40.575	41.84702758797472
facebook game	2	19.0	19.0	14.142135623730951
facebook marketing	721	20.0	29.027739251040224	24.877517885269732
facebook messenger	4	38.0	40.25	20.982135258357285
facebook page	37	13.0	16.0	9.689627902499089
facebook page design	31	20.0	24.516129032258064	27.813511066556533
facebook post marketing	52	20.0	27.75	21.881028581049517
facebook posting	8	10.0	13.25	5.365231988061121
facebook timeline design	1	30.0	30.0	
facebook writing	40	28.0	31.45	16.422233209577303
facilities management	1	33.0	33.0	
fact checking	3	16.0	16.666666666666668	7.023769168568492
fashion blogger	31	33.0	34.61290322580645	23.924433005270068
fashion design	15	53.0	45.06666666666667	28.6791777792746
fashion illustration	2	13.5	13.5	2.1213203435596424
fashion photography	7	20.0	27.428571428571427	23.41550158091247
fashion styling	7	26.0	33.714285714285715	23.991069767132696
fashion technical design	1	79.0	79.0	
fashion writing	89	33.0	41.40449438202247	41.483216513407726
feasibility study	1	44.0	44.0	
feature writing	16	33.0	40.4375	29.995485771473458
fiction editing	1	20.0	20.0	
fiction writing	35	26.0	30.142857142857142	13.491049008929755
filemaker	4	56.5	58.0	43.94693770142959
film editing	2	36.5	36.5	4.949747468305833
film making	9	33.0	32.55555555555556	17.299646752976713
film production	1	33.0	33.0	
film reviews	15	20.0	24.733333333333334	14.2551577967248
final cut	7	33.0	36.42857142857143	24.737671292027084
finance consulting	33	25.0	36.78787878787879	30.648977935403465
finance writing	63	30.0	35.44444444444444	26.251745120349604
financial accounting	106	20.0	23.858490566037737	17.69069633303136
financial forecasting	10	25.0	53.6	76.35181726717445
financial management	5	18.0	28.8	26.432934002868468
financial modeling	39	30.0	51.15384615384615	46.98910201846832
financial planning	66	26.0	35.39393939393939	30.33245471203755
financial prospectus writing	1	10.0	10.0	
financial reporting	7	25.0	21.428571428571427	8.67673407946298
financial services	50	26.0	48.54	101.50826044601253
fireworks	3	20.0	18.666666666666668	2.3094010767585034
first aid training	4	43.0	42.75	16.45954636879968
fitness writing	42	22.5	38.23809523809524	52.32954187054337
flask web framework	2	27.5	27.5	17.67766952966369
floor planning	47	33.0	31.76595744680851	15.918560080661448
flowcharts	5	20.0	47.8	50.37558932657761
flyer	55	20.0	22.636363636363637	11.826466922344977
flyer design	18	18.0	21.88888888888889	11.861400020972074
flyer leaflet brochure	14	19.5	25.142857142857142	13.415588767475768
flyer writing	8	38.5	40.25	22.75176602250597
font design	2	15.0	15.0	7.0710678118654755
fonts typography	3	20.0	35.0	35.0
food photography	1	20.0	20.0	
food safety	1	13.0	13.0	
food stylist	1	20.0	20.0	
food writing	52	24.0	27.26923076923077	14.431875647011356
football writing	2	19.5	19.5	9.192388155425117
footwear designer	1	53.0	53.0	
forecasting	4	22.5	43.0	49.72591544322403
forex trading	8	29.0	42.0	38.84033249820898
format & layout	7	25.0	23.142857142857142	8.706866474772873
formstack	2	10.0	10.0	0.0
forum marketing	7	11.0	15.0	7.2571803523590805
forum moderation	1	40.0	40.0	
forum post writing	11	10.0	14.727272727272727	6.388910847568764
forum posting	18	12.5	13.722222222222221	4.19811660230346
franchise consulting	1	62.0	62.0	
fraud analysis	1	75.0	75.0	
freehand drawing	2	19.5	19.5	0.7071067811865476
freepbx	1	40.0	40.0	
freight forwarder	1	11.0	11.0	
frequently asked questions (faqs)	1	26.0	26.0	
front end developer	24	15.0	20.625	12.562236369719193
full stack developer	7	26.0	25.285714285714285	16.479424400488888
functional testing	3	20.0	18.0	7.211102550927978
fundraising	61	40.0	60.22950819672131	61.30399482432417
furniture design	5	33.0	38.8	32.42221460665511
furniture virtualisation	2	23.0	23.0	14.142135623730951
gambling	10	22.5	23.7	12.979042936809924
gambling development	3	10.0	14.0	6.928203230275509
gamification	1	60.0	60.0	
garden design	2	26.0	26.0	11.313708498984761
genealogy	1	13.0	13.0	
geographic information system (gis)	7	24.0	28.285714285714285	19.137348176748397
geography	9	10.0	18.88888888888889	14.24293197031816
geology	1	66.0	66.0	
geoprofessions	1	14.0	14.0	
getresponse	12	15.0	18.416666666666668	9.967751030501343
ghost writing	111	21.0	27.10810810810811	17.82253494435491
gimp	3	26.0	26.333333333333332	6.506407098647712
git	10	28.0	27.9	12.133058604948346
golang	1	15.0	15.0	
goldmine	4	16.5	16.25	6.3966136874651625
google adsense	47	20.0	22.893617021276597	19.382010981222397
google advertisement (google ads)	56	20.0	30.392857142857142	27.718506172151205
google adwords	420	15.0	27.007142857142856	41.57320881410601
google adwords development	10	16.0	23.5	15.29160989998546
google analytics	819	20.0	30.426129426129425	34.25708715835185
google analytics application programming interface (google analytics api)	16	42.0	42.875	21.316269217040148
google application programming interface (google api)	9	40.0	37.333333333333336	20.463381929681123
google applications (google apps)	20	24.5	29.85	21.431101354413823
google apps application programming interface (google apps API)	3	33.0	34.666666666666664	10.598742063723098
google cloud	1	80.0	80.0	
google docs application programming interface (google docs api)	2	29.0	29.0	5.656854249492381
google documents (google docs)	57	14.0	16.087719298245613	8.675253602209946
google drive	2	18.0	18.0	11.313708498984761
google forms	1	10.0	10.0	
google gmail	4	12.5	23.75	24.281337140555777
google listing	4	10.0	11.25	2.5
google maps	58	15.0	20.655172413793103	12.871226885914929
google places	2	15.0	15.0	7.0710678118654755
google play/ google play store	2	15.0	15.0	0.0
google plus (google +)	18	10.0	15.61111111111111	12.598500792642838
google ranking	406	15.0	22.573891625615765	18.456975880273998
google search	59	16.0	27.508474576271187	24.383695005386734
google search application programming interface (google search api)	1	53.0	53.0	
google search development	107	26.0	35.78504672897196	29.42339847916677
google shopping	20	29.5	36.85	25.232132813454147
google sites administration	1	36.0	36.0	
google spreadsheets	85	12.0	18.341176470588234	16.647288454434676
google spreadsheets application programming interface (google spreadsheets api)	1	10.0	10.0	
google tag management	16	42.5	40.0	23.25224003546038
google webmaster	13	11.0	21.846153846153847	25.294420181290825
google webmaster central	1	10.0	10.0	
google website optimizer	1	20.0	20.0	
google+ design	2	16.0	16.0	5.656854249492381
google+ development	5	26.0	25.4	6.148170459575759
google+ marketing	75	18.0	24.493333333333332	21.377794322382513
grant writing	6	25.0	21.666666666666668	9.83192080250175
graphic art	4	25.5	24.75	14.453949863849212
graphical user interface design (GUI design)	4	53.0	44.25	22.41093483101497
graphics design	767	20.0	25.8748370273794	18.075558861047742
gravity forms	1	33.0	33.0	
greeting card	2	46.5	46.5	9.192388155425117
growth hacker	16	44.0	93.1875	175.32834672883524
guest blogging	225	20.0	23.88888888888889	19.07927800537403
guest posting	191	15.0	20.24607329842932	14.991126244509102
guitar composition	1	53.0	53.0	
guitar performance	1	10.0	10.0	
hadoop	3	18.0	22.0	9.643650760992955
hand drawing	7	20.0	23.285714285714285	14.103359950903965
hand lettering	2	24.5	24.5	12.020815280171307
hand sketching	2	19.5	19.5	0.7071067811865476
handwritting	1	15.0	15.0	
header design	2	28.5	28.5	16.263455967290593
headshot photography	1	46.0	46.0	
health & safety management	2	36.0	36.0	14.142135623730951
health and safety consultant	4	33.0	34.5	8.34665601703261
health and safety training	2	36.0	36.0	14.142135623730951
health writing	95	26.0	33.126315789473686	38.18884824001919
healthcare	38	18.0	27.973684210526315	36.42132345585427
healthcare science	2	21.5	21.5	16.263455967290593
heating ventilating air conditioning system (hvac)	2	32.0	32.0	8.48528137423857
helpdesk	2	12.5	12.5	3.5355339059327378
heroku	2	15.5	15.5	7.7781745930520225
hibernate framework	1	15.0	15.0	
highcharts	1	15.0	15.0	
history writing	17	15.0	18.764705882352942	7.545937746270388
home automation	1	15.0	15.0	
hootsuite	23	22.0	30.17391304347826	17.40859812097314
hosting development	36	33.0	38.55555555555556	30.87527392076935
house drawing	40	33.0	34.325	17.147007662996824
hp quality center	1	15.0	15.0	
hp-ux	1	79.0	79.0	
html to wordpress	72	15.0	19.5	15.365041719509048
html/html5	939	20.0	26.212992545260917	18.623626049147745
human computer interaction (hci)	1	45.0	45.0	
human resource management	4	11.0	11.25	1.5
human resources (hr)	47	20.0	28.170212765957448	22.46090240640986
human resources consulting (HR Consulting)	26	33.0	37.92307692307692	27.105605437876612
human sciences	1	33.0	33.0	
humor writing	16	25.5	27.3125	13.295205902880932
hypnosis	2	18.0	18.0	11.313708498984761
ibeacon	1	10.0	10.0	
ibm spss	32	20.0	32.90625	28.161240092517005
icon design	5	11.0	22.2	21.545301111843386
icontact	4	13.0	14.0	4.546060565661952
identity design	2	20.5	20.5	7.7781745930520225
illustration	130	26.0	30.06923076923077	18.217969007343665
imacros scripting	3	10.0	16.666666666666668	11.547005383792515
image color correction	6	20.0	19.833333333333332	8.183316361150084
image conversion	10	10.5	16.6	10.024414640710393
image editing	117	15.0	18.666666666666668	11.19806017684036
image effects	2	12.5	12.5	3.5355339059327378
image manipulation	19	20.0	29.789473684210527	29.0374833378599
image resizing	18	10.5	22.833333333333332	29.20163170299987
image retouching	36	15.0	22.5	21.575780071976208
image/picture/photo research	2	9.5	9.5	0.7071067811865476
inbound marketing	24	25.0	31.625	21.077109982570935
inbound sales	38	19.0	32.0	33.05687155126384
indonesian <=> English translation	1	20.0	20.0	
indonesian translation	1	20.0	20.0	
industrial agriculture	1	46.0	46.0	
industrial and organizational psychology	2	48.5	48.5	4.949747468305833
industrial design	3	15.0	21.0	10.392304845413264
industrial engineering	3	14.0	19.0	12.288205727444508
industry analysis	1	15.0	15.0	
industry research	12	19.0	22.416666666666668	13.290176367482408
infographic	57	25.0	30.56140350877193	20.061528164142974
infographic designer	5	13.0	35.6	50.14279609275893
information security	4	64.5	64.5	46.04707735929973
information technology (IT)	7	15.0	18.571428571428573	9.96422170998389
information technology consulting (IT consulting)	45	30.0	37.644444444444446	23.29568391116451
infromation finding	4	10.0	10.0	0.0
infusionsoft	20	34.0	38.1	21.8629703765113
infusionsoft administration	1	10.0	10.0	
instagram marketing	231	20.0	24.1991341991342	19.135993836660138
installer development	1	15.0	15.0	
insurance consulting	3	24.0	68.33333333333333	83.8112959769346
intellectual property	7	112.0	101.85714285714286	60.34188310902186
intellectual property law	2	97.5	97.5	95.45941546018392
interactive design	6	45.0	45.333333333333336	13.589211407093007
interior architecture	9	33.0	34.111111111111114	18.475960356937094
interior design	58	28.5	29.586206896551722	15.70342959832104
interior styling	1	33.0	33.0	
internal auditing	2	39.5	39.5	9.192388155425117
internal communication	3	16.0	17.666666666666668	5.686240703077327
international law	1	165.0	165.0	
internet marketing	33	10.0	19.87878787878788	22.339367683192123
internet of things (IOT)	5	25.0	60.4	79.24518912842595
internet research	905	12.0	17.70718232044199	34.87248267495062
internet security	2	30.0	30.0	14.142135623730951
internet surveying	3	12.0	12.0	2.0
interview coaching	5	33.0	39.6	15.565988564816564
intranet implementation	1	16.0	16.0	
intuit quickbooks	23	13.0	18.130434782608695	10.450334260970216
intuit quicken	1	10.0	10.0	
inventory management	4	17.5	25.0	18.95608961081724
investigative reporting	3	53.0	38.666666666666664	24.826061575153908
investment research	9	33.0	66.0	70.40774105167698
invitation card	2	15.0	15.0	7.0710678118654755
invitation design	1	10.0	10.0	
invoice processing	2	21.0	21.0	7.0710678118654755
ionic framework	7	12.0	18.285714285714285	14.395766573478996
ios design	17	15.0	19.529411764705884	13.652461531985834
ios development	177	15.0	19.01129943502825	14.29955049379532
iphone applications development	10	13.5	16.9	9.46866176159839
iphone user interface design	1	10.0	10.0	
islamic theology	1	12.0	12.0	
itsm	2	25.0	25.0	14.142135623730951
jasperreports	1	10.0	10.0	
java server page (jsp)	2	12.5	12.5	3.5355339059327378
java servlets	2	10.5	10.5	0.7071067811865476
java swing	2	31.5	31.5	30.405591591021544
javafx	1	53.0	53.0	
jenkins	2	15.0	15.0	0.0
jewellery design	2	20.5	20.5	7.7781745930520225
job description writing	4	23.0	30.5	25.77466456296441
jomsocial development	1	10.0	10.0	
joomla (cms)	178	15.0	22.202247191011235	17.41625954723107
joomla design	29	15.0	21.413793103448278	13.689196056377847
joomla migration	2	14.0	14.0	8.48528137423857
journalism	393	30.0	33.98727735368957	24.041255802858778
journalism writing	11	33.0	42.81818181818182	24.045033507226318
jquery	253	22.0	27.513833992094863	17.780986989968003
jquery mobile	1	19.0	19.0	
json	3	20.0	18.666666666666668	8.082903768654761
key account management	1	30.0	30.0	
keyword planning	27	15.0	18.77777777777778	11.702509045017566
keyword research	581	15.0	21.280550774526677	17.918939615320536
kickstarter marketing	1	59.0	59.0	
kissmetrics	1	18.0	18.0	
kitchen design	7	33.0	33.42857142857143	6.133436852128472
knockout js	2	37.0	37.0	31.11269837220809
knowledge management	1	30.0	30.0	
kohana	3	33.0	31.666666666666668	22.03028218914441
label/ package design	15	29.0	28.8	14.041774409647399
lamp administration	8	36.5	36.0	19.198214202665532
landing page design	110	21.5	29.227272727272727	22.50653690603952
landing page writing	43	26.0	32.72093023255814	18.35798202079872
landscape architect	1	38.0	38.0	
landscape photography	1	46.0	46.0	
language teacher	3	18.0	19.333333333333332	10.066445913694333
lanuage tutorial	1	13.0	13.0	
laravel framework	105	15.0	21.466666666666665	16.84491858250677
layout design	5	20.0	20.4	7.127411872482185
lead accelerator	10	10.0	26.3	34.169674664337485
lead generation	985	13.0	20.65989847715736	18.684616786576797
leadership coaching	9	50.0	61.44444444444444	61.45956213460829
leadership development	5	40.0	53.2	36.07214992206591
leadership training	8	33.0	29.5	15.184578643196806
leadman	1	10.0	10.0	
leaflet	19	29.0	30.842105263157894	12.816062655445474
lean consulting	1	93.0	93.0	
lean management	2	82.5	82.5	70.0035713374682
learning and development	2	33.0	33.0	9.899494936611665
leatherworker	1	53.0	53.0	
lectora online	1	10.0	10.0	
legal consulting	44	28.0	55.5	63.77230571920845
legal contracts	21	64.0	79.0	51.47523676487559
legal research	3	33.0	29.333333333333332	18.77054430040145
legal transcription	1	13.0	13.0	
legal translation	1	70.0	70.0	
legal writing	55	33.0	45.527272727272724	40.417201391859976
lesson writing	2	22.5	22.5	17.67766952966369
letter head design	3	10.0	14.666666666666666	8.082903768654761
letter writing	171	26.0	32.02923976608187	22.29492870338977
life coaching	10	33.0	39.5	21.583172457572896
lifestyle management	1	24.0	24.0	
lifestyle photography	1	20.0	20.0	
lifestyle writing	65	26.0	36.6	40.71156162566108
lighting design	1	28.0	28.0	
link building	777	15.0	22.418275418275417	21.61856126923996
linkedin development	26	26.0	27.076923076923077	14.271434621433338
linkedin marketing	186	15.0	22.951612903225808	19.676651620794196
linkedin page design	14	18.0	23.285714285714285	17.946195531809355
linkedin recruiting	28	11.5	17.214285714285715	13.42567232017366
linkexchange	4	10.5	14.0	7.3484692283495345
linq	1	15.0	15.0	
linux	40	33.0	35.3	18.23240282630111
linux system	1	20.0	20.0	
linux system administration	5	16.0	26.2	19.357169214531343
literary editor	1	66.0	66.0	
literature	50	20.0	24.7	13.158763666260208
literature review	3	80.0	61.0	44.64302857109943
live chat operator	3	15.0	16.0	6.557438524302
live chat support	14	10.0	13.214285714285714	5.27954793269522
localization	11	18.0	28.0	23.71497417245062
logistics & shipping	4	16.5	16.25	3.5
logo	236	20.0	25.305084745762713	14.640955947499377
logo animation	13	10.0	18.923076923076923	12.141262554209773
logo conversion	2	23.5	23.5	19.091883092036785
logo design	197	15.0	20.593908629441625	14.166558907417254
logotype	2	26.0	26.0	19.79898987322333
lookbook	2	15.0	15.0	7.0710678118654755
love writing	4	22.5	27.25	18.117670931993437
loyalty marketing	1	9.0	9.0	
lyrics writing	2	15.0	15.0	7.0710678118654755
machine learning	13	26.0	38.23076923076923	33.36203892188907
madcap flare	1	46.0	46.0	
madcap software	1	46.0	46.0	
magazine design	13	26.0	31.23076923076923	17.701948320989256
magazine layout	2	13.0	13.0	0.0
magento (cms)	394	15.0	21.736040609137056	15.499039469815422
magento design	72	20.0	27.73611111111111	20.14873781078512
mail merge	3	24.0	24.666666666666668	15.01110699893027
mail server implementation	1	20.0	20.0	
mailchimp	202	20.0	26.846534653465348	17.40935909077441
management accounting	1	20.0	20.0	
management consulting	4	50.0	55.0	24.20743687382041
managing director (general manager)	2	15.0	15.0	7.0710678118654755
manual writing	23	33.0	34.52173913043478	21.2000633901655
manufacturing and construction	1	66.0	66.0	
manufacturing design	1	38.0	38.0	
manuscript format	2	49.0	49.0	22.627416997969522
mariadb	1	25.0	25.0	
marine design	1	20.0	20.0	
market research	513	16.0	27.237816764132553	52.229043837927684
marketing	284	26.0	32.651408450704224	23.72639160906357
marketing analysis	3	35.0	46.333333333333336	28.728615235220325
marketing automation	20	27.5	79.9	216.87952027747914
marketing communications	23	26.0	30.08695652173913	17.88324010574823
marketing database	171	16.0	21.953216374269005	18.04824021582716
marketing management	3	47.0	39.0	25.942243542145693
marketing planning	319	35.0	45.043887147335425	41.32686798617785
marketing strategy	945	33.0	45.182010582010584	56.944262577056904
marketing video	76	26.0	32.85526315789474	24.568111552643966
marketing writing	792	30.0	34.609848484848484	23.272595647981777
marketo	1	99.0	99.0	
material design	1	10.0	10.0	
mathematics	8	20.5	25.75	17.37609194924369
mechanical design	1	20.0	20.0	
mechanical engineering	9	26.0	24.333333333333332	9.069178573608527
media buying	6	44.0	39.5	18.641351882307248
media database	18	26.0	30.77777777777778	21.59127153587643
media planning	2	19.5	19.5	6.363961030678928
media relations	98	40.0	44.58163265306123	28.358501505126153
mediation	1	10.0	10.0	
medical billing and coding	1	12.0	12.0	
medical illustration	2	25.0	25.0	21.213203435596427
medical imaging	1	10.0	10.0	
medical informatics	4	28.0	86.0	119.36777901371319
medical records research	1	10.0	10.0	
medical secretary	2	19.0	19.0	1.4142135623730951
medical transcription	4	13.0	14.5	3.696845502136472
medical translation	1	10.0	10.0	
medical writing	46	24.5	30.108695652173914	18.598958466501486
mental health professional	3	26.0	32.0	25.534290669607408
mentor	8	40.0	53.875	31.86326814912207
menu design	3	25.0	31.333333333333332	19.295940851208407
merchandise planning	1	28.0	28.0	
meteor js	3	40.0	33.666666666666664	16.441816606851365
microbiologist	2	15.5	15.5	7.7781745930520225
microsoft access	74	21.5	26.37837837837838	17.50201765488353
microsoft active directory	3	46.0	37.0	21.93171219946131
microsoft dynamics crm	4	22.5	31.25	19.311050377094112
microsoft excel	893	16.0	21.592385218365063	16.28741392192132
microsoft excel administrator	9	10.0	11.444444444444445	1.8782379449307742
microsoft excel powerpivot	8	10.0	16.5	10.337172865786025
microsoft exchange server	2	49.5	49.5	4.949747468305833
microsoft frontpage	2	31.5	31.5	12.020815280171307
microsoft infopath	1	60.0	60.0	
microsoft office (ms office)	251	13.0	18.820717131474105	13.41714310438945
microsoft office 365 (ms office 365)	22	21.5	32.68181818181818	28.889586793656722
microsoft outlook	36	20.0	21.63888888888889	11.608255135961963
microsoft powerpoint	260	20.0	25.888461538461538	19.894098520042466
microsoft powerpoint administrator	1	13.0	13.0	
microsoft project	12	31.5	32.416666666666664	18.03258834511126
microsoft publisher	1	30.0	30.0	
microsoft sharepoint	15	35.0	46.8	35.44653922256929
microsoft sharepoint administration	1	10.0	10.0	
microsoft sharepoint development	1	16.0	16.0	
microsoft silverlight	3	20.0	31.666666666666668	30.237945256470937
microsoft sql server programming	2	16.0	16.0	8.48528137423857
microsoft sql ssas	1	26.0	26.0	
microsoft sql ssrs	1	26.0	26.0	
microsoft visio	10	27.5	30.5	16.09865418805767
microsoft windows	4	33.0	34.0	20.445048300260872
microsoft windows application development	1	33.0	33.0	
microsoft windows communication foundation (wcf)	2	12.0	12.0	4.242640687119285
microsoft windows phone development	5	11.0	12.2	3.96232255123179
microsoft windows server	1	14.0	14.0	
microsoft windows template library	1	79.0	79.0	
microsoft word	238	16.0	20.915966386554622	14.38827454633829
minitab	3	15.0	14.333333333333334	1.1547005383792517
mixpanel	1	18.0	18.0	
mls consulting	1	15.0	15.0	
mobi	2	46.0	46.0	28.284271247461902
mobile advertising	6	66.5	81.83333333333333	75.74804727956139
mobile applications design	132	15.0	23.136363636363637	21.542704872898508
mobile applications development	204	15.0	22.666666666666668	17.26486413678777
mobile applications marketing	1	40.0	40.0	
mobile applications testing	2	12.5	12.5	3.5355339059327378
mobile user interface design	3	11.0	29.0	32.046840717924134
mobile website design	225	23.0	29.515555555555554	21.867722825829436
mockup generator	1	20.0	20.0	
model view controller (mvc)	16	16.5	24.125	17.553252310232047
mongo db	11	20.0	22.0	10.44030650891055
mootools	2	26.5	26.5	9.192388155425117
motion graphics	19	20.0	23.57894736842105	12.44684605063416
motivational speaking	3	33.0	32.0	23.515952032609693
motorsport industry	2	36.5	36.5	23.33452377915607
moz opensite explorer	3	13.0	14.333333333333334	5.131601439446884
multi level marketing (mlm)	1	10.0	10.0	
music composition	5	20.0	22.0	13.038404810405298
music performance	1	15.0	15.0	
music production	13	20.0	19.53846153846154	8.181436147516978
music software	1	20.0	20.0	
music writing	22	20.0	25.318181818181817	16.342717509166448
mysql	306	24.0	32.6437908496732	75.04704913766341
mysql administration	1	12.0	12.0	
mysql programming	5	12.0	21.0	16.911534525287763
mystery shopping	18	20.0	23.944444444444443	17.086190578848523
narration	5	29.0	34.4	16.2265215003093
natural language processing (NLP)	1	16.0	16.0	
netsuite	2	22.0	22.0	2.8284271247461903
network administration	14	26.5	31.214285714285715	21.54129690913415
network security	7	40.0	70.85714285714286	89.03263179199817
neuro-linguistic programming	1	60.0	60.0	
news analysis	1	12.0	12.0	
newsletter design	87	20.0	25.195402298850574	17.606710586736835
newsletter writing	160	29.0	31.95	14.89071298942174
nginx	1	46.0	46.0	
node js	39	20.0	26.05128205128205	22.093043341797983
non disclosure agreement (NDA)	4	64.5	67.0	57.312011539176204
non fiction writing	19	26.0	29.157894736842106	13.845429080846449
novel writing	18	24.5	26.88888888888889	13.459695341753115
nutritionist	2	18.0	18.0	11.313708498984761
object oriented php	6	15.0	15.833333333333334	4.792355023020171
odoo	1	12.0	12.0	
off-page optimization	99	10.0	14.181818181818182	7.648347342311648
office administration	26	19.5	23.96153846153846	22.83415121125508
office management	174	20.0	22.20689655172414	10.911242471792749
oil painting	3	12.0	11.666666666666666	1.5275252316519468
omniture	1	15.0	15.0	
on-page optimization	95	10.0	14.642105263157895	9.289568376792309
online advertising	44	20.5	33.0	28.92251074694202
online community management	5	25.0	26.2	8.19756061276768
online learning	3	26.0	48.333333333333336	43.98105652816145
online marketing	1298	26.0	33.982280431432976	31.27733767942807
online reputation management	37	12.0	15.486486486486486	9.816713700005103
online teaching	9	13.0	34.111111111111114	32.78126158510546
online training	9	40.0	47.333333333333336	37.36977388210959
online writing	6	28.0	24.333333333333332	10.782702196883056
opencart	108	15.0	32.638888888888886	124.03236375465468
opencv	1	10.0	10.0	
openx	1	21.0	21.0	
operations management	7	41.0	37.0	15.811388300841896
optimizepress	1	20.0	20.0	
oracle database	4	19.0	19.5	4.203173404306164
oracle java enterprise edition (j2ee)	1	99.0	99.0	
oracle server	1	21.0	21.0	
order processing	4	11.0	14.25	7.932002689527196
organic traffic	121	15.0	24.09917355371901	23.279964547036897
organisation design	2	43.0	43.0	32.526911934581186
organization development	1	20.0	20.0	
organizational psychology	2	39.0	39.0	18.384776310850235
oscommerce	1	10.0	10.0	
outbound marketing	3	10.0	9.333333333333334	1.1547005383792517
outbound sales	44	25.0	34.34090909090909	28.751495962550656
package design	12	36.5	34.916666666666664	13.561029280682021
paid traffic	105	26.0	33.180952380952384	25.036427672947084
pardot administration	3	60.0	68.33333333333333	27.465129406819354
pardot marketing	2	37.5	37.5	31.81980515339464
pashto <=> English translation	1	10.0	10.0	
pattern design	4	20.0	23.75	11.086778913041726
pay per click (ppc)	267	20.0	31.771535580524343	64.47850558885088
pay per click advertising (ppc advertising)	26	13.0	20.46153846153846	18.45043255694732
pay per click consultant (ppc consultant)	2	45.5	45.5	50.204581464244875
payment development	7	26.0	44.42857142857143	42.87134685255854
payment gateway integration	12	10.0	14.416666666666666	9.20926740086344
payment processing	2	16.5	16.5	4.949747468305833
payments gateway	5	13.0	16.2	6.648308055437865
paypal	21	20.0	25.523809523809526	16.02691189100086
paypal integration	1	11.0	11.0	
payroll	24	21.0	25.083333333333332	18.544697277158484
payroll processing	1	10.0	10.0	
pci compliance	1	33.0	33.0	
pdf conversion	34	10.0	12.647058823529411	5.7201523233647835
pdf form	51	11.0	17.901960784313726	16.95435625668021
pdf to word	19	10.0	12.052631578947368	3.3578049081460333
pencil drawing	1	10.0	10.0	
pentaho	1	25.0	25.0	
people management	4	16.5	18.25	8.88350531415762
performance improvement	3	79.0	67.66666666666667	38.279672586548244
performance management	2	52.0	52.0	38.18376618407357
personal assistant	248	20.0	20.85483870967742	11.669326239019352
personal coaching	1	33.0	33.0	
personal development	1	33.0	33.0	
personal information management	1	20.0	20.0	
personal statement writing	8	26.0	50.0	44.577380554972684
personal training	21	26.0	23.476190476190474	11.214361540538308
personality profiling	1	15.0	15.0	
phlebotomist	1	60.0	60.0	
phone support	7	10.0	13.285714285714286	5.908025211926732
phonegap	12	12.5	14.0	4.631905164675271
photo editing	31	11.0	13.774193548387096	6.9795399916200545
photo restoration	9	20.0	28.0	19.84313483298443
photo retouching	11	16.0	25.0	22.054478003344354
photography writing	25	26.0	31.56	17.656632370490886
photoshooting	71	26.0	37.971830985915496	59.186381597455316
phpWebSite	31	10.0	13.903225806451612	9.100750294013041
phpmyadmin	4	15.5	15.25	5.5
physical fitness	12	19.0	21.25	12.32237432846889
physical therapy assistant	1	10.0	10.0	
physics tutor	1	66.0	66.0	
pinterest	3	20.0	19.0	6.557438524302
pinterest development	7	30.0	36.0	26.04483314082341
pinterest marketing	71	18.0	23.746478873239436	20.598001504902744
plagiarism check	4	16.5	17.25	6.701989754294367
podcast	4	36.0	36.0	19.86621923433512
podio	1	9.0	9.0	
poetry	25	26.0	28.12	11.861422062018253
policy and procedures	2	49.5	49.5	4.949747468305833
policy writing	1	46.0	46.0	
politics writing	13	26.0	47.92307692307692	53.821404568662
portfolio performance modeling	1	24.0	24.0	
poster design	24	20.0	25.375	14.236549716349357
postgresql	2	23.5	23.5	2.1213203435596424
power business intellegence (power BI)	8	22.5	35.0	21.718984454027442
predictive analytics	3	25.0	31.666666666666668	16.072751268321593
predictive modeling	3	15.0	26.666666666666668	20.2072594216369
presentation animation design	11	15.0	20.545454545454547	15.201076516902587
presentation content	54	25.5	34.648148148148145	32.06017773665548
presentation design	89	26.0	33.26966292134831	28.583913166859105
press advertising	7	33.0	32.42857142857143	16.12303882499763
press release	336	33.0	35.892857142857146	22.800375936750317
press release writing	54	33.0	36.166666666666664	18.272311252016426
prezi	6	16.0	28.333333333333332	24.500340133693385
prezi design	5	20.0	24.8	15.20526224699857
print advertising	6	33.0	33.5	12.817956155331473
print design	63	33.0	35.53968253968254	18.06513787241067
print layout design	2	26.5	26.5	19.091883092036785
print management	1	33.0	33.0	
problem solving	3	33.0	29.333333333333332	12.897028081435401
process design	1	125.0	125.0	
process mapping	1	33.0	33.0	
procurement	18	40.0	42.888888888888886	22.159552153281144
product analysis	1	10.0	10.0	
product description	334	25.0	30.104790419161677	26.394178328859635
product design	6	40.0	55.333333333333336	43.76147468569434
product development	5	66.0	63.8	28.154928520598308
product management	71	24.0	35.32394366197183	33.05915678117782
product photography	26	20.0	28.73076923076923	18.9114942663084
product review	24	11.0	16.041666666666668	10.140230537927568
product sourcing	9	15.0	19.11111111111111	12.633729105498151
production planning	4	18.0	21.5	12.897028081435403
profile writing	33	25.0	28.424242424242426	17.399767065664815
program management	17	29.0	40.1764705882353	34.01329757263629
programming logic controller (plc)	1	38.0	38.0	
project execution	5	66.0	71.6	45.85084513943009
project management	588	30.0	37.3078231292517	27.206049658356438
project management professional	7	46.0	60.142857142857146	44.412567933820156
project planning	6	26.0	34.166666666666664	22.710496838833507
project writing	153	26.0	31.11764705882353	20.123611811053735
proofreading	1150	26.0	28.481739130434782	26.448385067727834
property development	2	79.0	79.0	55.154328932550705
property management	2	23.0	23.0	4.242640687119285
property photography	14	33.0	43.57142857142857	36.38832079266492
property tax	1	45.0	45.0	
property writing	30	33.0	35.03333333333333	23.170259375765088
prospect research	4	26.0	27.0	18.65475810617763
prototype design	3	20.0	55.333333333333336	66.46302230062467
psd to cms	6	11.0	12.833333333333334	3.970726214015097
psd to html	416	15.0	20.665865384615383	14.304650460303934
psd to mailchimp	5	24.0	24.4	12.381437719424994
psd to wordpress	99	12.0	16.727272727272727	10.379353703502538
psychological assessment	2	22.5	22.5	10.606601717798213
psychometric examination	1	52.0	52.0	
public affairs	2	31.5	31.5	30.405591591021544
public relations	80	33.0	38.1125	23.62362781494918
public speaking	2	32.5	32.5	0.7071067811865476
purchasing management	2	14.5	14.5	4.949747468305833
python numpy	1	13.0	13.0	
python scipy	1	30.0	30.0	
qgis	1	24.0	24.0	
qliktech qlikview	2	22.5	22.5	3.5355339059327378
qualitative analysis	6	53.0	50.333333333333336	34.2442209236342
qualitative research	9	16.0	26.88888888888889	27.241716376012565
quality assessment (QA)	3	33.0	39.0	24.55605831561735
quality improvement	1	46.0	46.0	
quality management	2	56.0	56.0	14.142135623730951
quantitative analysis	41	30.0	35.80487804878049	23.12598053293646
quantity surveying	21	30.0	37.142857142857146	28.413527965188894
quark xpress	1	40.0	40.0	
questionnaire writing	19	26.0	32.31578947368421	30.107312938846945
questionpro	1	10.0	10.0	
radio broadcasting	1	20.0	20.0	
radio presenter	1	20.0	20.0	
rank writing	1	16.0	16.0	
rapid prototyping	1	33.0	33.0	
react js	19	15.0	25.94736842105263	28.5608000281087
real estate	7	12.0	30.857142857142858	44.808587612304
real estate appraisal	7	33.0	39.0	30.32051011004487
real estate law	1	40.0	40.0	
real estate management	1	12.0	12.0	
rebranding	1	12.0	12.0	
receptionist	12	23.0	26.916666666666668	8.371578903249574
recipe writing	2	15.0	15.0	7.0710678118654755
recruiting	119	22.0	35.65546218487395	63.30079349581511
recruitment writing	46	33.0	38.73913043478261	22.689630311477035
reference letter	1	40.0	40.0	
regression testing	1	15.0	15.0	
regular expressions (regex)	1	10.0	10.0	
reinforcement learning	1	15.0	15.0	
relationship management	6	36.5	40.5	19.947430912275394
remote desktop	3	10.0	15.0	8.660254037844387
report writing	125	26.0	32.464	23.534307147295106
reputation management	4	15.0	15.0	4.760952285695233
requirement management	1	24.0	24.0	
requirements analysis	1	20.0	20.0	
requirements gathering	2	32.5	32.5	12.020815280171307
research writing	178	20.0	23.320224719101123	14.050101471578254
resource working	3	19.0	21.666666666666668	10.263202878893768
responsive design	237	22.0	33.22784810126582	66.13896823735801
responsive web design	33	18.0	23.151515151515152	12.791894924426787
responsive website	464	20.0	26.176724137931036	20.117769276175668
rest api	11	20.0	21.727272727272727	14.906984330111234
resume (CV) writing	52	20.0	39.88461538461539	91.54740630848018
retail merchandising	1	13.0	13.0	
retail sales management	1	25.0	25.0	
revenue management	1	25.0	25.0	
review writing	148	20.0	24.10135135135135	16.695650932688686
rhinoceros 3d	3	11.0	18.0	13.0
risk assessment	4	33.0	34.0	9.055385138137417
risk management	29	26.0	39.48275862068966	27.082704931449168
robot framework	1	20.0	20.0	
robotics	1	132.0	132.0	
root cause analysis	1	33.0	33.0	
ruby on rails	14	21.5	25.785714285714285	12.61975601025003
sage development	1	40.0	40.0	
sage group	6	26.0	26.666666666666668	6.97614984548545
sales database	89	16.0	23.674157303370787	20.840179331423318
sales letters	181	33.0	37.729281767955804	26.066766283551107
sales management	29	30.0	42.793103448275865	43.515497494197255
sales orders and invoices	16	21.5	20.9375	9.976430557402114
sales promotion	118	24.0	30.296610169491526	24.14532543884194
sales strategy	239	26.0	42.24267782426778	39.78830138687639
sales training	14	43.5	47.142857142857146	25.551929455544034
sales writing	5	25.0	31.8	16.724233913695418
salesforce	79	22.0	28.734177215189874	22.457771689333814
salesforce applications development	3	10.0	11.666666666666666	2.8867513459481287
salesman	52	26.0	30.634615384615383	19.209912521009997
sap ERP	2	11.0	11.0	1.4142135623730951
sap development	2	145.0	145.0	169.7056274847714
sap xcelsius	1	10.0	10.0	
sass	3	26.0	25.666666666666668	7.505553499465135
science writing	15	35.0	36.266666666666666	19.073042556995265
scientific computation	1	13.0	13.0	
scientific research	3	12.0	11.666666666666666	1.5275252316519468
scientific writing	4	17.5	32.5	35.46359635833155
scraping	15	15.0	20.333333333333332	18.908300016760084
screenwriter	44	27.0	30.181818181818183	14.314202943917685
script consulting	1	26.0	26.0	
script reading	2	24.0	24.0	12.727922061357855
script writing	48	26.0	31.020833333333332	16.29448357682627
scrum	6	29.5	33.166666666666664	16.95189271635078
scss	2	26.5	26.5	9.192388155425117
sculpting	2	11.5	11.5	2.1213203435596424
sdl trados	1	18.0	18.0	
seamstress	1	40.0	40.0	
search engine analytics	21	10.0	16.571428571428573	10.002856734810454
search engine analytics api	1	21.0	21.0	
search engine marketing (sem)	1003	18.0	26.258225324027915	23.183080235866665
search engine optimization (seo)	3677	18.0	25.05765569757955	29.050506546856894
search engine optimization article (seo article)	1001	20.0	25.124875124875125	20.294664092056085
search engine optimization audit (seo audit)	206	13.0	21.5	19.840522711446255
search engine optimization backlinks (seo backlinks)	310	11.0	17.02258064516129	16.56846557684643
search engine optimization keyword research (seo keyword research)	198	12.0	18.45959595959596	15.983998465419146
search engine optimization writing (seo writing)	28	20.0	22.678571428571427	14.567985120674392
search engine ranking	85	12.0	18.988235294117647	14.911240660629673
security engineering	24	28.0	32.208333333333336	18.975909594207497
security professional	7	40.0	48.857142857142854	26.047575520116848
security testing	1	50.0	50.0	
selenium webdriver	7	15.0	19.0	6.60807586719967
self assessment	1	26.0	26.0	
selfhelp writing	4	18.5	18.5	6.027713773341708
seller central	4	10.5	22.75	24.83780720326709
semantic web	2	12.5	12.5	3.5355339059327378
semrush	13	15.0	21.23076923076923	13.590154807518115
sendmail	1	15.0	15.0	
sentiment analysis	3	13.0	33.0	36.38681079732051
seomoz	57	12.0	17.19298245614035	12.41462069567749
service broker	1	60.0	60.0	
shirt/t-shirt design	5	11.0	11.8	2.16794833886788
shopify design	57	18.0	23.228070175438596	15.301747733813714
shopify templates	88	15.5	22.21590909090909	17.81607750193232
shopper marketing	1	11.0	11.0	
shopping writing	3	33.0	39.666666666666664	11.547005383792515
short story writing	1	25.0	25.0	
sign design	3	22.0	29.666666666666668	20.5993527406405
silverstripe	1	33.0	33.0	
simulations	1	18.0	18.0	
singing	3	15.0	19.666666666666668	11.71893055416463
site review	1	10.0	10.0	
sitemap	4	10.0	12.5	5.0
six sigma	7	33.0	30.857142857142858	12.87670469528302
sketchup	53	26.0	28.50943396226415	14.88755629261389
slideshare	1	13.0	13.0	
slogan writing	14	26.0	25.571428571428573	11.692958339328621
smm	10	11.5	12.8	3.552776691859794
snapchat	1	20.0	20.0	
soap	1	10.0	10.0	
social bookmarking	116	10.0	15.379310344827585	9.563204095057165
social design	2	26.5	26.5	19.091883092036785
social development	242	26.0	37.3801652892562	66.80817354998264
social media design	24	28.5	32.041666666666664	18.08549542941902
social media development	27	33.0	66.29629629629629	158.2256944063459
social media management	1042	24.0	29.600767754318618	33.731406724329034
social media marketing	2434	20.0	27.535743631881676	35.82700012072805
social media optimization (smo)	77	13.0	30.90909090909091	96.02332252582974
social media strategy	71	26.0	33.690140845070424	22.74051862035553
social media training	4	36.5	39.75	14.660036380127666
social media writing	540	26.0	32.657407407407405	40.30453692104627
social networking development	1	10.0	10.0	
social research	3	10.0	10.0	0.0
soft skills training	5	40.0	47.0	36.09709129556009
software design	1	10.0	10.0	
software development	63	12.0	20.428571428571427	21.944000786249358
software engineering	2	20.0	20.0	0.0
software management	1	15.0	15.0	
software testing	50	17.5	26.38	21.815450431999345
solicitor	2	76.0	76.0	32.526911934581186
solidworks	7	26.0	27.142857142857142	9.719886340703294
song writing	4	16.0	18.75	10.719919153924002
soundtrack	1	10.0	10.0	
sourcing agent	4	14.5	14.75	4.9916597106239795
space planning	1	66.0	66.0	
special effects	1	66.0	66.0	
special events	1	24.0	24.0	
speech writing	12	31.0	52.333333333333336	49.55498935220317
speed optimization	19	15.0	24.42105263157895	21.886870212967825
sports writing	38	25.0	24.5	11.313111264656
sportswear	1	26.0	26.0	
spotify	1	10.0	10.0	
spreadsheets	33	13.0	15.242424242424242	8.200725208138238
squarespace	53	24.0	28.92452830188679	17.94741148745816
stage crew	1	20.0	20.0	
stakeholder management	2	53.0	53.0	9.899494936611665
stand design	5	33.0	29.0	7.713624310270756
startup consulting	108	50.0	61.25	51.01239083489019
stationery design	2	38.0	38.0	39.59797974644666
statistical analysis	83	26.0	37.397590361445786	31.029859639463144
statistics	38	20.5	35.63157894736842	33.62304635347895
steel detailing	1	25.0	25.0	
story writing	48	26.0	27.479166666666668	12.92200758945157
storyboarding	4	20.0	38.25	36.5
storyline design	4	37.5	38.0	22.55363976538303
strategic planning	4	20.0	20.75	10.275375094532235
strategy consultant	3	132.0	96.33333333333333	61.776478803289955
strategy management	1	132.0	132.0	
stress management	2	92.0	92.0	66.46803743153546
structural analysis	1	25.0	25.0	
structural design	14	33.0	31.5	11.216402823886645
structural engineering	12	30.5	29.25	11.963011174601334
structured query language (sql)	90	26.0	33.53333333333333	24.703727599359794
stumbleupon	3	20.0	18.333333333333332	7.637626158259733
subtitle editing	1	10.0	10.0	
subtitling	12	21.0	24.583333333333332	14.285773809399803
sugar crm	5	25.0	25.2	12.755391017134675
supplier sourcing	3	40.0	36.666666666666664	25.166114784235834
supply chain management	8	25.5	32.875	22.95609162852298
survey design	117	26.0	33.93162393162393	29.727418696215658
surveygizmo	1	10.0	10.0	
surveymonkey	3	16.0	26.666666666666668	22.03028218914441
sustainable design	1	12.0	12.0	
swot	5	59.0	46.8	23.721298446754556
symfony	1	46.0	46.0	
symfony framework	2	13.0	13.0	1.4142135623730951
system administration	6	15.5	17.0	8.48528137423857
system automation	1	12.0	12.0	
systems applications and products analysis (SAP)	2	11.0	11.0	1.4142135623730951
systems integration	1	15.0	15.0	
tableau software	8	33.0	38.25	15.229201273493349
tarot cards reading	1	12.0	12.0	
tattoo	2	30.0	30.0	14.142135623730951
tax	14	26.0	34.214285714285715	21.12300448992327
tax advising	1	45.0	45.0	
tax return	11	26.0	29.0	9.959919678390985
teamviewer	2	26.5	26.5	20.506096654409877
technical analysis	13	33.0	43.92307692307692	37.72148269103769
technical director	1	26.0	26.0	
technical documentation	1	46.0	46.0	
technical drawing	38	33.0	33.05263157894737	13.03207554028231
technical recruiting	2	14.5	14.5	2.1213203435596424
technical support	8	15.0	30.75	35.77608938143703
technical translation	1	18.0	18.0	
technical writing	422	22.0	26.848341232227487	17.811249336940584
technology article writing	14	15.0	17.071428571428573	8.853198341792693
technology writing	45	27.0	34.044444444444444	24.96630051922314
techsmith camtasia studio	1	40.0	40.0	
tekla structures	2	19.0	19.0	12.727922061357855
telecommunications	4	11.5	36.25	50.51979809935903
telecommunications engineering	1	112.0	112.0	
telemarketing	298	20.0	21.869127516778523	19.677183968575882
telenursing	1	12.0	12.0	
telephone answering	8	14.0	19.5	11.045361017187261
telephone handling	5	13.0	15.8	7.014271166700073
telerik	1	15.0	15.0	
telesales	263	20.0	22.977186311787072	14.158031615606534
tender writing	3	40.0	35.333333333333336	13.613718571108091
terms and conditions	2	20.0	20.0	0.0
text editing	3	29.0	28.0	1.7320508075688772
textile	3	24.0	41.0	32.96968304366907
theme customization	18	11.5	14.61111111111111	6.766169208025615
themes/templates/add-ons/plug-ins	3	15.0	17.0	8.18535277187245
theory	1	85.0	85.0	
ticketing agent	1	10.0	10.0	
time management	2	16.5	16.5	4.949747468305833
trademark consulting	2	179.5	179.5	28.991378028648448
traffic geyser	5	20.0	21.2	7.014271166700073
traffic provider	4	19.0	19.5	9.539392014169456
training delivery	4	45.0	57.25	28.229712479348184
training design	1	99.0	99.0	
training development	2	47.5	47.5	53.033008588991066
training writing	80	26.0	32.7375	20.568960115989448
transcription	295	16.0	20.65762711864407	17.31072770480809
travel agent	2	13.5	13.5	2.1213203435596424
travel nursing	1	12.0	12.0	
travel photography	2	26.0	26.0	19.79898987322333
travel planning	69	23.0	33.130434782608695	64.63333528985284
travel writing	145	24.0	29.544827586206896	41.48292475196284
trello	1	9.0	9.0	
trend analysis	1	33.0	33.0	
troubleshooting	1	25.0	25.0	
tutorial	40	20.5	29.825	25.237220680817998
twitter bootstrap	5	19.0	17.6	6.268971207462992
twitter design	17	26.0	34.23529411764706	34.25005367106143
twitter development	17	33.0	49.529411764705884	42.76259704323806
twitter follower	62	13.5	17.693548387096776	11.941920527748579
twitter management	62	25.0	32.58064516129032	27.195436205301355
twitter marketing	256	20.0	31.8828125	64.26289401021889
twitter writing	13	34.0	48.07692307692308	32.94556504918767
typo3 content management system (typo3 cms)	6	16.0	24.166666666666668	18.808685936733237
typography	6	38.5	39.0	8.48528137423857
ubuntu	4	38.0	34.75	18.02544497832624
unbounce	3	66.0	54.666666666666664	25.92939130279254
unix	3	15.0	17.666666666666668	6.429100507328636
usability testing	15	46.0	46.4	28.014792011160303
user experience design	23	39.0	34.95652173913044	11.080196342490611
user interface design	62	33.0	36.08064516129032	19.141662043993243
user testing	45	33.0	40.86666666666667	30.161384101348713
vector design	5	40.0	40.8	21.016660058153864
vector illustration	1	24.0	24.0	
vector logo	15	30.0	34.53333333333333	17.33644660685635
video	89	26.0	30.0561797752809	21.41068103804193
video animation	51	18.0	21.058823529411764	12.249753899088558
video clip	2	16.5	16.5	2.1213203435596424
video conversion	5	20.0	21.4	12.361229712289955
video editing	140	18.5	23.614285714285714	17.868257178416677
video marketing	3	40.0	32.666666666666664	18.147543451754935
video post editing	2	20.0	20.0	7.0710678118654755
video production	83	30.0	30.132530120481928	16.127367350772555
video script	51	33.0	34.3921568627451	17.611449039045652
videography	20	21.5	31.45	26.160385881589825
videoscribe	8	13.5	18.75	11.622023428449479
videoshooting	4	43.0	39.0	13.316656236958787
vimeo	1	11.0	11.0	
vintage logo	3	26.0	28.666666666666668	10.263202878893768
viral marketing	21	12.0	24.904761904761905	28.040871530508397
virtual assistant	756	13.0	17.591269841269842	10.468034115960698
virtual private server (vps)	5	20.0	23.8	9.909591313469996
virtual reality	1	16.0	16.0	
virtualization	3	26.0	23.0	11.789826122551595
virtuemart	6	28.5	31.166666666666668	20.585593668064732
virus removal	3	30.0	26.666666666666668	15.275252316519467
visual arts	1	12.0	12.0	
visual effects animation (vfx animation)	1	20.0	20.0	
visual effects design (vfx design)	1	12.0	12.0	
visual merchandising	1	28.0	28.0	
vmware	3	46.0	44.0	10.14889156509222
voice over	7	20.0	25.857142857142858	18.676443018131792
voice over artist	3	20.0	21.0	3.605551275463989
voice over ip (voip)	2	27.0	27.0	18.384776310850235
volusion	4	12.5	14.75	7.32006375199925
vtiger	4	18.5	23.0	16.832508230603462
web administration	109	20.0	24.3302752293578	16.144059247835457
web analytics	6	46.5	44.5	26.778722897106203
web application development	1	39.0	39.0	
web automation	5	20.0	31.6	25.822470834527046
web content	122	20.0	24.10655737704918	16.01332470836987
web crawling	14	15.0	22.571428571428573	19.166133134794286
web hosting	25	20.0	29.52	19.237809993170565
web research	36	10.5	18.97222222222222	21.871685689965343
web scraping	7	20.0	28.571428571428573	22.641092014720662
web writing	953	26.0	29.517313746065057	20.289603982119758
webflow	1	40.0	40.0	
webhost manager (whm)	3	18.0	16.0	5.291502622129181
webmaster tools	81	20.0	26.77777777777778	21.03984315530893
webrtc	1	25.0	25.0	
website content editing	18	23.0	28.333333333333332	20.948115175637277
website content writer	38	25.0	28.42105263157895	16.565401226077768
website design	757	20.0	26.792602377807132	50.15415968354556
website development	1248	20.0	27.434294871794872	41.59103802996715
website fixes	86	23.5	29.75581395348837	19.021310678234574
website localization	1	25.0	25.0	
website maintenance	10	20.0	32.3	27.31727170369203
website optimization	1	40.0	40.0	
website security	10	20.0	22.6	10.915839663331242
website setup	61	23.0	27.934426229508198	18.100523797631766
website wireframing	4	36.5	39.5	9.678154093971983
wedding card	1	10.0	10.0	
wedding invitation	2	26.0	26.0	8.48528137423857
wedding photography	5	26.0	26.2	18.185158784019457
weebly	14	14.0	18.5	10.515556241917166
weight loss	6	31.0	59.166666666666664	69.82096151347865
wellbeing	1	40.0	40.0	
white paper writing	34	32.5	40.35294117647059	28.45398449271361
whiteboard animation	4	25.0	21.5	7.681145747868608
wiki writing	7	20.0	21.714285714285715	5.851332774513447
wikipedia editing	2	15.0	15.0	7.0710678118654755
wikipedia post	1	26.0	26.0	
windows administration	3	12.0	29.666666666666668	31.46956201368766
wireframe design	15	40.0	45.2	18.77003691297078
woocommerce	234	16.0	28.974358974358974	84.99355810363053
wordpress (cms)	252	15.0	22.26984126984127	17.087500475045044
wordpress design	651	20.0	26.542242703533027	20.826299509760133
wordpress development	126	14.5	20.626984126984127	15.781373388642258
wordpress e-commerce	50	13.0	20.76	15.036771255689112
wordpress plugin	22	15.0	19.09090909090909	13.731815996537769
wordpress plugin development	7	13.0	21.857142857142858	16.344505411386944
wordpress template	4	10.5	17.75	14.84082207965583
xero	26	26.0	29.884615384615383	19.998653800847542
yii	18	14.0	16.27777777777778	7.759666120436728
yoga	6	22.5	28.166666666666668	17.174593639054947
youtube development	7	17.0	36.857142857142854	51.557180461530834
youtube likes	24	10.5	15.708333333333334	11.403581308811134
youtube marketing	158	12.5	21.253164556962027	19.38675649770768
youtube subscribers	27	10.0	16.074074074074073	10.02660279121316
youtube views	40	11.5	17.85	12.564806364379795
zapier	1	15.0	15.0	
zencart	9	18.0	23.555555555555557	15.56527474148072
zendesk	10	17.5	19.5	8.59263250310016
zoho crm	4	21.5	24.75	17.839562774911272
zoomla	1	10.0	10.0	
